sentence_id,source_doc,page_num,raw_text,predicted_type,signals,confidence_score,is_constraint,constraint_type,entities,threshold,exception,notes
IL-MENTO_0003,IL-MENTOR-2023-to-2026-CBA,4,"Relief/PRN employees shall be covered by the appropriate sections of the agreement, provided that they work a shift at least every 30 days.",HARD,deontic:obligation|threshold|exception,4,,,,,,
IL-MENTO_0045,IL-MENTOR-2023-to-2026-CBA,9,"(3) months after hire by the Employer, provided that employees are required to complete at least 480 hours worked before completing probation.",HARD,deontic:obligation|threshold|exception,4,,,,,,
IL-MENTO_0167,IL-MENTOR-2023-to-2026-CBA,19,"In the event that this Agreement is reopened, the remaining provisions of this agreement, including Article 7: NO STRIKE, NO LOCK OUT, shall remain in full force and effect, provided that if no agreement is reached within 90 days of the latter of the date the agreement is reopened or the date that the funds are released by the State, the provisions of Article 7: NO STRIKE, NO LOCK OUT will be suspended until an agreement is reached on the issue of wage rates.",HARD,deontic:obligation|threshold|exception,4,,,,,,
IL-MENTO_0146,IL-MENTOR-2023-to-2026-CBA,17,"Except as expressly stated to the contrary in this Agreement, the grievance and arbitration procedure of this Agreement shall be the sole and exclusive means available for resolving grievances arising under this Agreement.",HARD,deontic:obligation|exception,3,,,,,,
IL-MENTO_0048,IL-MENTOR-2023-to-2026-CBA,9,The Employer’s decision to extend the probationary period for any employee shall not be subject to the grievance and arbitration procedure of this Agreement.,HARD,deontic:prohibition|deontic:obligation|exception,3,,,,,,
IL-MENTO_0075,IL-MENTOR-2023-to-2026-CBA,11,"The Employer may make reasonable changes to these policies, procedures, and rules, provided that the Employer will notify the Union of material changes at least fourteen (14) days in advance of such changes and will meet and discuss with the Union upon request during that 14-day period about such changes. 8",SOFT,deontic:permission|exception,3,,,,,,
IL-MENTO_0125,IL-MENTOR-2023-to-2026-CBA,16,"Discipline or discharge for abuse, neglect, or exploitation of an individual being served, or for a violation of a federal, state, or local regulatory requirement, shall not be subject to the grievance and arbitration procedure, if any third party or regulatory body finds that the offense occurred.",HARD,deontic:prohibition|deontic:obligation|exception,3,,,,,,
IL-MENTO_0126,IL-MENTOR-2023-to-2026-CBA,16,"A request or direction by a third party, such as an individual served, an individual served’s family member/guardian or representative, funder, or regulatory body, to transfer or cease the services of an employee shall not be subject to the grievance and arbitration procedure.",HARD,deontic:prohibition|deontic:obligation|exception,3,,,,,,
IL-MENTO_0128,IL-MENTOR-2023-to-2026-CBA,16,"Verbal warnings may be processed through the grievance procedure, but are not subject to arbitration.",SOFT,deontic:permission|exception,3,,,,,,
IL-MENTO_0032,IL-MENTOR-2023-to-2026-CBA,7,Relief/PRN employees shall receive benefits under this Agreement and be subject to the provisions of this Agreement only where specifically referenced therein.,HARD,deontic:obligation|exception,3,,,,,,
IL-MENTO_0046,IL-MENTOR-2023-to-2026-CBA,9,"During the probationary period, the Employer may discipline, discharge, transfer, or take other action toward the employee for any reason in the sole discretion of the Employer and such action is not subject to the grievance or arbitration provisions of this Agreement.",SOFT,deontic:permission|exception,3,,,,,,
IL-MENTO_0047,IL-MENTOR-2023-to-2026-CBA,9,"(c) The Employer may extend the probationary period for any employee an additional 30 days with the agreement of the Union, and for any additional period to which the Employer and Union may agree.",SOFT,deontic:permission|threshold,3,,,,,,
IL-MENTO_0021,IL-MENTOR-2023-to-2026-CBA,6,"The Employer shall not be required by any provision of this Agreement to continue any such rules, customs, past practices, or agreements in whole or in part except as the Employer, in its sole discretion, may elect to do so.",HARD,deontic:prohibition|deontic:obligation|deontic:permission|exception,3,,,,,,
IL-MENTO_0168,IL-MENTOR-2023-to-2026-CBA,19,Full-time employees shall receive the following paid time off (PTO) benefit based on seniority: Years of Service Benefit 0 < 1 Year 40 Hours 1 < 5 Years 80 Hours 16,HARD,deontic:obligation|threshold,3,,,,,,
IL-MENTO_0038,IL-MENTOR-2023-to-2026-CBA,8,"In the event of an alleged violation of Section 1 or Section 3 of this Article, the Employer or the Union, respectively, may immediately apply to a court of competent jurisdiction for injunctive relief, including a temporary restraining order, prohibiting the continuation of such an alleged violation.",SOFT,deontic:permission|exception,3,,,,,,
IL-MENTO_0166,IL-MENTOR-2023-to-2026-CBA,19,"In the event the State of Illinois increases reimbursement rates to the Employer for work performed by employees covered by this Agreement during the term of this Agreement, either party may reopen this Agreement by providing 30 days’ notice to the other for the sole purpose of negotiating any discretionary aspect of the wage rates for bargaining unit employees after the State receives any required federal approval for the increase.",SOFT,deontic:permission|threshold,3,,,,,,
IL-MENTO_0093,IL-MENTOR-2023-to-2026-CBA,13,Employees must not arrive more than 15 minutes prior to the start of their work day or leave more than 15 minutes after the end of their work day without supervisor approval.,HARD,deontic:prohibition|deontic:obligation|threshold,3,,,,,,
IL-MENTO_0095,IL-MENTOR-2023-to-2026-CBA,13,Employees may trade schedules with each other within the same job classification provided the request is made in writing to the supervisor at least 72 hours in advance and is approved by the supervisor.,SOFT,deontic:permission|threshold,3,,,,,,
IL-MENTO_0194,IL-MENTOR-2023-to-2026-CBA,22,"Employees must request reimbursement in accordance with the Employer policy, as it may be modified by the Employer from time to time, which shall govern the terms of employee reimbursement for expenses, unless specifically provided in this Article.",HARD,deontic:obligation|deontic:obligation|deontic:permission|exception,3,,,,,,
IL-MENTO_0059,IL-MENTOR-2023-to-2026-CBA,10,Employees who fail to maintain individual confidentiality shall be subject to discipline up to and including discharge in accordance with Article 15 “Discipline and Discharge” of this Agreement.,HARD,deontic:obligation|exception,3,,,,,,
IL-MENTO_0150,IL-MENTOR-2023-to-2026-CBA,18,"The fees and expenses of the American Arbitration Association and the Arbitrator shall be borne solely by the losing party if that party filed the demand for arbitration, provided that the parties first pay their filing fee required by AAA.",HARD,deontic:obligation|exception,3,,,,,,
IL-MENTO_0062,IL-MENTOR-2023-to-2026-CBA,11,"The Employer, however, shall cooperate with the Union in making arrangements for a steward to visit a facility where necessary to investigate a grievance, provided that it does not infringe on the privacy rights of the individuals being served at that facility.",HARD,deontic:obligation|exception,3,,,,,,
IL-MENTO_0201,IL-MENTOR-2023-to-2026-CBA,23,"This Agreement shall be in full force and effect from the date of ratification until 11:59 p.m. on March 31, 2026, and from year to year thereafter, unless one of the parties to this Agreement serves written notice of its desire to amend or terminate this Agreement upon the other party not less than ninety (90) days before the expiration date or any anniversary date thereafter.",HARD,deontic:obligation|exception,3,,,,,,
IL-MENTO_0200,IL-MENTOR-2023-to-2026-CBA,23,"Article 26 - Modification No provision or term of this Agreement may be amended, modified, changed, altered or waived except by written agreement between the parties hereto.",SOFT,deontic:permission|exception,3,,,,,,
IL-MENTO_0105,IL-MENTOR-2023-to-2026-CBA,14,"Employees may select only those full-time and part-time schedules listed (not individual daily schedules), except that employees may combine part-time schedules (which combined make up a full-time schedule), provided that it does not result in employees being scheduled to work seven",SOFT,deontic:permission|exception,3,,,,,,
IL-MENTO_0113,IL-MENTOR-2023-to-2026-CBA,14,"Once schedules have been assigned according to the above process, employees’ schedules shall remain fixed, except as otherwise provided in this Agreement and except that the Employer is able to make adjustments to start and end times based on the needs of the individuals being served. 11",HARD,deontic:obligation|exception,3,,,,,,
IL-MENTO_0061,IL-MENTOR-2023-to-2026-CBA,11,"Time spent by any employee on business related to the Union including investigating or handling grievances or potential grievances shall be off the clock and shall not interfere with his/her work or that of another employee, provided that the Employer shall compensate Union stewards at their regular rate of pay for meetings that the Employer asks them to attend on behalf of the Union during their scheduled working hours.",HARD,deontic:prohibition|deontic:obligation|exception,3,,,,,,
IL-MENTO_0012,IL-MENTOR-2023-to-2026-CBA,5,"Section 5 Except as provided herein, an employee who fails to join the Union, maintain Union membership or pay a representation fee shall, to the extent permitted by law, within thirty (30) calendar days following receipt of a written demand from the Union to the Employer requesting discharge, be discharged if during such period the required dues and/or representation fees have not been tendered.",HARD,deontic:obligation|exception,3,,,,,,
IL-MENTO_0162,IL-MENTOR-2023-to-2026-CBA,19,"Transfers, reassignments, or removals from an assignment or the workplace at the request of an individual served, the request of the individual served’s guardian or representative, or at the request of a third party with authority to make such a request, shall not be subject to the contractual grievance and arbitration provisions, provided that the documentation of the request is provided in accordance with Article 15 Section 4.",HARD,deontic:prohibition|deontic:obligation|exception,3,,,,,,
IL-MENTO_0191,IL-MENTOR-2023-to-2026-CBA,22,"The Employer shall offer all employees, except Relief/PRN, the same additional benefits, including dental, vision, disability and life insurance, that it offers to non-represented DSPs of the Employer or its affiliated entities and on the same terms and conditions as such other employees.",HARD,deontic:obligation|exception,3,,,,,,
IL-MENTO_0099,IL-MENTOR-2023-to-2026-CBA,13,"If the shift becomes open at least forty-eight (48) hours in advance of the start time, preference will be given to the most senior employee who volunteers, provided that if the shift would put that employee into overtime hours, the shift may be assigned first to an employee for whom it would not be overtime hours in order of seniority.",SOFT,deontic:permission|exception,3,,,,,,
IL-MENTO_0137,IL-MENTOR-2023-to-2026-CBA,17,"If not resolved at Step One, a grievance shall be presented in writing by the Union to the Area Director or his/her designee for adjustment within fifteen (15) calendar days following the day the grievant(s) either knew or had reason to know of the event giving rise to the grievance.",HARD,deontic:obligation,2,,,,,,
IL-MENTO_0141,IL-MENTOR-2023-to-2026-CBA,17,"The Regional Director or his/her designee shall have a meeting with the designated representative of the Union, and the aggrieved party or parties if appropriate, at a time to be mutually agreed upon, before answering or adjusting the grievance.",HARD,deontic:obligation,2,,,,,,
IL-MENTO_0144,IL-MENTOR-2023-to-2026-CBA,17,"The Employer’s failure to respond within the prescribed time periods at any step of the grievance procedure shall be deemed to be a denial of the grievance and shall trigger the start of the time for the Union to proceed to the next step of the grievance process, if it chooses to do so.",HARD,deontic:obligation,2,,,,,,
IL-MENTO_0136,IL-MENTOR-2023-to-2026-CBA,17,"Before seeking to file a written grievance, employees, in the case of employee grievances, must discuss the alleged violation with their Program Director or Area Director to try to resolve any issue informally.",HARD,deontic:obligation,2,,,,,,
IL-MENTO_0145,IL-MENTOR-2023-to-2026-CBA,17,All time limits may be extended by written mutual agreement of the parties.,SOFT,deontic:permission,2,,,,,,
IL-MENTO_0138,IL-MENTOR-2023-to-2026-CBA,17,The grievance will be submitted on a mutually-agreed upon form and it shall state the specific article alleged to have been violated and shall specifically name the individual employee(s) or explicitly defined class of employees affected by the alleged violation.,HARD,deontic:obligation,2,,,,,,
IL-MENTO_0139,IL-MENTOR-2023-to-2026-CBA,17,The Area Director or his/her designee shall answer in writing within seven,HARD,deontic:obligation,2,,,,,,
IL-MENTO_0140,IL-MENTOR-2023-to-2026-CBA,17,"(5) calendar days from the date the Employer’s response was due if the Employer fails to provide a timely response at Step One), the Union may seek further adjustment by presenting a written grievance appeal to the applicable Regional Director or his/her designee.",SOFT,deontic:permission,2,,,,,,
IL-MENTO_0135,IL-MENTOR-2023-to-2026-CBA,16,"In the event that the Union or an employee covered by this Agreement has a grievance, it shall be treated in the following manner: 13",HARD,deontic:obligation,2,,,,,,
IL-MENTO_0143,IL-MENTOR-2023-to-2026-CBA,17,Any grievance that is not presented or appealed within the time periods specified in this Article shall be forfeited and waived by the aggrieved party and the Union.,HARD,deontic:obligation,2,,,,,,
IL-MENTO_0142,IL-MENTOR-2023-to-2026-CBA,17,Such a meeting shall be scheduled within ten (10) calendar days from the date of filing of the appeal.,HARD,deontic:obligation,2,,,,,,
IL-MENTO_0001,IL-MENTOR-2023-to-2026-CBA,4,Only those employees listed above shall be covered by this Agreement.,HARD,deontic:obligation,2,,,,,,
IL-MENTO_0134,IL-MENTOR-2023-to-2026-CBA,16,"In the event that a grievance is brought by the Employer, it may be initiated directly at Step 2 with the Union Representative, and in the event it is not resolved, it may be referred to arbitration (as hereinafter set forth) by the Employer.",SOFT,deontic:permission,2,,,,,,
IL-MENTO_0120,IL-MENTOR-2023-to-2026-CBA,15,"An employee may be discharged without prior notice for serious acts of misconduct, including, but not limited to: abuse, neglect, or exploitation of an individual being served; dishonesty; falsification of work or time records; theft; sleeping on the job; insubordination; assault; threats; fighting at work; possession of drugs or alcohol or reporting to work under the influence; recklessness that causes a serious accident while on duty; failure to report an accident or incident involving an individual being served; divulging confidential information about the Employer or an individual served; intentional or grossly negligent destruction or damage to the Employer’s property; or violation of a regulatory or safety rule.",SOFT,deontic:permission,2,,,,,,
IL-MENTO_0111,IL-MENTOR-2023-to-2026-CBA,14,Employees must return their selection forms to their program supervisors no later than one week from distribution of the schedule.,HARD,deontic:obligation,2,,,,,,
IL-MENTO_0112,IL-MENTOR-2023-to-2026-CBA,14,"If an employee fails to return the form, management shall assign the employee a schedule from those remaining after all other eligible employees’ selections have been granted. e.",HARD,deontic:obligation,2,,,,,,
IL-MENTO_0114,IL-MENTOR-2023-to-2026-CBA,15,"Article 14 - Work Assignments In its sole discretion, the Employer may assign non-bargaining unit employees, including supervisors or managers, to perform bargaining unit work, and may also assign bargaining unit employees to perform non-bargaining unit work.",SOFT,deontic:permission,2,,,,,,
IL-MENTO_0115,IL-MENTOR-2023-to-2026-CBA,15,"The Employer and the Union shall establish a Labor-Management Relations Committee to consider matters affecting the relations between the Employer, the Union and the employees; provided, however, the Committee shall not engage in negotiations, nor shall the Committee consider matters properly the subject of a grievance.",HARD,deontic:prohibition|deontic:obligation,2,,,,,,
IL-MENTO_0116,IL-MENTOR-2023-to-2026-CBA,15,The Committee shall be composed of up to five,HARD,deontic:obligation,2,,,,,,
IL-MENTO_0117,IL-MENTOR-2023-to-2026-CBA,15,"(b) The Committee may meet no more than quarterly, but no less than once per calendar year, at a time mutually convenient to the Union and the Employer.",SOFT,deontic:permission,2,,,,,,
IL-MENTO_0118,IL-MENTOR-2023-to-2026-CBA,15,(c) Efforts shall be made to schedule Committee meetings so that employee members of the Committee are not on duty when Committee meetings occur.,HARD,deontic:obligation,2,,,,,,
IL-MENTO_0119,IL-MENTOR-2023-to-2026-CBA,15,No employee may be disciplined or discharged without just cause.,HARD,deontic:prohibition|deontic:permission,2,,,,,,
IL-MENTO_0121,IL-MENTOR-2023-to-2026-CBA,15,Committing a serious act of misconduct shall constitute just cause for immediate discharge. 12,HARD,deontic:obligation,2,,,,,,
IL-MENTO_0133,IL-MENTOR-2023-to-2026-CBA,16,"(2) pages, whichever is longer replying, which shall also be maintained in the personnel file.",HARD,deontic:obligation,2,,,,,,
IL-MENTO_0122,IL-MENTOR-2023-to-2026-CBA,16,"In all other instances, the Employer shall have the right to impose discipline, including verbal warning, written warning, suspension or discharge, for just cause.",HARD,deontic:obligation,2,,,,,,
IL-MENTO_0123,IL-MENTOR-2023-to-2026-CBA,16,"The Employer will follow this progression, but may skip steps depending on the nature and severity of the misconduct.",SOFT,deontic:permission,2,,,,,,
IL-MENTO_0124,IL-MENTOR-2023-to-2026-CBA,16,"If the Employer chooses to impose discipline less than discharge for a particular occurrence of any offense, that imposition of lesser discipline shall not constitute a waiver by the Employer of its right to impose discharge for any subsequent occurrence of the same or similar offense.",HARD,deontic:prohibition|deontic:obligation,2,,,,,,
IL-MENTO_0127,IL-MENTOR-2023-to-2026-CBA,16,"Where a third party investigation concludes that a claim against an employee is unsubstantiated, such determination shall not by itself constitute grounds for reinstatement if the Employer otherwise has just cause for discharge.",HARD,deontic:prohibition|deontic:obligation,2,,,,,,
IL-MENTO_0147,IL-MENTOR-2023-to-2026-CBA,17,"Any grievance that has been properly processed pursuant to the grievance procedure as set forth in this Article and has not been resolved at the conclusion thereof, may be referred to arbitration before the American Arbitration Association for resolution under the Labor Arbitration Rules then in effect by the Union filing a Demand for Arbitration with the American Arbitration Association and serving written notice, which may be by email, upon the HR Director, both within fifteen (15) calendar days after the completion of Step Three of the grievance procedure.",SOFT,deontic:permission,2,,,,,,
IL-MENTO_0130,IL-MENTOR-2023-to-2026-CBA,16,The employee shall be offered the opportunity to sign the document indicating that they have seen it.,HARD,deontic:obligation,2,,,,,,
IL-MENTO_0131,IL-MENTOR-2023-to-2026-CBA,16,The Employer shall allow employees inspection of their personnel files with reasonable notice and at reasonable times.,HARD,deontic:obligation,2,,,,,,
IL-MENTO_0132,IL-MENTOR-2023-to-2026-CBA,16,Employees shall have the right to submit written responses to disciplinary actions up to twice the length of the item being replied to or two,HARD,deontic:obligation,2,,,,,,
IL-MENTO_0129,IL-MENTOR-2023-to-2026-CBA,16,Notices of disciplinary action shall be placed in the employee’s personnel file and a copy shall be made available to the employee.,HARD,deontic:obligation,2,,,,,,
IL-MENTO_0155,IL-MENTOR-2023-to-2026-CBA,18,The Arbitrator shall have the authority to award relief only as to those individuals who are specifically identified by name or in the explicitly identified class in the written grievance as interested parties directly affected by the contract violation alleged in the grievance.,HARD,deontic:obligation,2,,,,,,
IL-MENTO_0148,IL-MENTOR-2023-to-2026-CBA,17,"If the Union fails to file with the American Arbitration Association and/or serve such notice on the Employer of its intent to arbitrate within the time limitation, the grievance shall be 14",HARD,deontic:obligation,2,,,,,,
IL-MENTO_0189,IL-MENTOR-2023-to-2026-CBA,21,The Union shall promptly provide sign-in sheets verifying the Employee’s attendance at Lobby Day.,HARD,deontic:obligation,2,,,,,,
IL-MENTO_0181,IL-MENTOR-2023-to-2026-CBA,21,The policy may be modified by the Employer from time to time consistent with Article 11 (Policies and Procedures).,SOFT,deontic:permission,2,,,,,,
IL-MENTO_0182,IL-MENTOR-2023-to-2026-CBA,21,"Military Leave shall be granted in accordance with applicable Federal, and/or State and/or local laws.",HARD,deontic:obligation,2,,,,,,
IL-MENTO_0183,IL-MENTOR-2023-to-2026-CBA,21,"Jury Duty: When the employee’s jury duty assignment or subpoena obligation requires them to be absent from their normally scheduled work hours, the employee shall be excused from work.",HARD,deontic:obligation,2,,,,,,
IL-MENTO_0184,IL-MENTOR-2023-to-2026-CBA,21,"Other Leaves: Employees shall be eligible for other paid and unpaid leave benefits, including bereavement leave, on the same basis as non-represented, hourly employees of the Employer in the same job classifications.",HARD,deontic:obligation,2,,,,,,
IL-MENTO_0185,IL-MENTOR-2023-to-2026-CBA,21,The Union shall designate in writing to the Employer the Employees who are requesting such leave at least seven,HARD,deontic:obligation,2,,,,,,
IL-MENTO_0186,IL-MENTOR-2023-to-2026-CBA,21,Employees may take the day without pay or use any available PTO time.,SOFT,deontic:permission,2,,,,,,
IL-MENTO_0187,IL-MENTOR-2023-to-2026-CBA,21,"Leave requests shall take client needs into consideration, but shall not be unreasonably denied by the Employer.",HARD,deontic:prohibition|deontic:obligation,2,,,,,,
IL-MENTO_0188,IL-MENTOR-2023-to-2026-CBA,21,The Employer shall communicate promptly with the Union concerning any difficulties in granting leave requests.,HARD,deontic:obligation,2,,,,,,
IL-MENTO_0190,IL-MENTOR-2023-to-2026-CBA,21,"The Employer shall offer all full-time employees, the same medical insurance/prescription coverage offered to other non-represented DSPs of the 18",HARD,deontic:obligation,2,,,,,,
IL-MENTO_0179,IL-MENTOR-2023-to-2026-CBA,21,Medical Leave: An unpaid leave of absence not to exceed sixty (60) calendar days in a twelve (12) month period may be granted to employees for the health condition of an employee or the employee’s spouse or child.,SOFT,deontic:permission,2,,,,,,
IL-MENTO_0192,IL-MENTOR-2023-to-2026-CBA,22,"Article 23 - 401(k) The Employer shall offer employees the opportunity to participate in the Sevita 401(k) Plan (the “Plan”), or any successor or substitute therefore, on the same terms and conditions that the Employer offers participation to non-represented DSPs of Employer or its affiliated entities.",HARD,deontic:obligation,2,,,,,,
IL-MENTO_0193,IL-MENTOR-2023-to-2026-CBA,22,"The Employer shall reimburse employees for all reasonable mileage at the IRS mileage reimbursement rate, tolls, and parking expenses incurred while traveling to conduct company business.",HARD,deontic:obligation,2,,,,,,
IL-MENTO_0196,IL-MENTOR-2023-to-2026-CBA,22,Employees who use personal vehicles for business purposes are required to have at least the minimum insurance coverage required by law.,HARD,deontic:obligation,2,,,,,,
IL-MENTO_0197,IL-MENTOR-2023-to-2026-CBA,22,Employees who operate any vehicles for business purposes are required to have a valid driver’s license and a satisfactory driving record.,HARD,deontic:obligation,2,,,,,,
IL-MENTO_0198,IL-MENTOR-2023-to-2026-CBA,22,Waiver: The waiver of any breach or condition of this Agreement by either party shall not constitute a precedent for any further waiver of such breach or condition. 19,HARD,deontic:prohibition|deontic:obligation,2,,,,,,
IL-MENTO_0199,IL-MENTOR-2023-to-2026-CBA,23,"Savings: In the event any Article, Section or portion of this agreement or the applications of such provision to any person or circumstance is declared invalid by a court of competent jurisdiction or is in contravention of any applicable local, state or federal law, the remaining provisions of this Agreement shall not be invalidated and shall remain in full force and effect.",HARD,deontic:prohibition|deontic:obligation,2,,,,,,
IL-MENTO_0202,IL-MENTOR-2023-to-2026-CBA,23,"Should neither party serve timely notice upon the other party, the Agreement shall automatically renew for twelve (12) months from the expiration date.",HARD,deontic:obligation|deontic:preference,2,,,,,,
IL-MENTO_0203,IL-MENTOR-2023-to-2026-CBA,23,The Union acknowledges that the facilities of the Employer covered by this Agreement are health care facilities within the meaning of the National Labor Relations Act (“NLRA”) and acknowledges that it is required to provide the notice of its intent to strike or picket provided for in the NLRA for such health care facilities.,HARD,deontic:obligation,2,,,,,,
IL-MENTO_0180,IL-MENTOR-2023-to-2026-CBA,21,"Family and Medical Leave Act: Employees shall be eligible for benefits under the Family and Medical Leave Act (FMLA) in accordance with the Employer’s policy applicable to hourly, non-bargaining unit employees in the same classification and applicable law.",HARD,deontic:obligation,2,,,,,,
IL-MENTO_0178,IL-MENTOR-2023-to-2026-CBA,20,These benefits may be modified by the Employer from time to time consistent with Article 11 (Policies and Procedures). 17,SOFT,deontic:permission,2,,,,,,
IL-MENTO_0149,IL-MENTOR-2023-to-2026-CBA,18,No individual employee shall have the right to invoke the arbitration procedure with regard to such grievance.,HARD,deontic:obligation,2,,,,,,
IL-MENTO_0159,IL-MENTOR-2023-to-2026-CBA,18,The Union and employee shall cooperate in providing the Employer such interim earning information upon the Employer’s request.,HARD,deontic:obligation,2,,,,,,
IL-MENTO_0151,IL-MENTOR-2023-to-2026-CBA,18,"The award of an Arbitrator hereunder shall be final, conclusive and binding upon the Employer, the Union and the employees.",HARD,deontic:obligation,2,,,,,,
IL-MENTO_0152,IL-MENTOR-2023-to-2026-CBA,18,The Arbitrator shall have jurisdiction only over grievances after the completion of the grievance procedure.,HARD,deontic:obligation,2,,,,,,
IL-MENTO_0153,IL-MENTOR-2023-to-2026-CBA,18,The Arbitrator shall have no authority to award punitive or exemplary damages.,HARD,deontic:obligation,2,,,,,,
IL-MENTO_0154,IL-MENTOR-2023-to-2026-CBA,18,"The Arbitrator shall have no power or jurisdiction to base the award on any alleged practice or oral agreement, but may consider such evidence to interpret express language if the Arbitrator finds the language is ambiguous.",HARD,deontic:obligation|deontic:permission,2,,,,,,
IL-MENTO_0109,IL-MENTOR-2023-to-2026-CBA,14,"If any schedules remain unfilled after all eligible employees’ selections have been considered, the Employer shall assign the unfilled schedules among the employees whose selections could not be granted in order of seniority.",HARD,deontic:obligation,2,,,,,,
IL-MENTO_0156,IL-MENTOR-2023-to-2026-CBA,18,"If the discipline, suspension or discharge of an employee results from conduct relating to an individual served, and the individual served or their guardian/family/friends does not appear at the arbitration, statements or information provided by the individual served or their guardian/family/friends will be admissible in the same manner as if the person had appeared and testified and the arbitrator shall determine the weight to be afforded to the evidence in the same manner as the arbitrator determines the weight to be provided any other evidence.",HARD,deontic:obligation,2,,,,,,
IL-MENTO_0157,IL-MENTOR-2023-to-2026-CBA,18,The Arbitrator shall not hear or decide more than one,HARD,deontic:prohibition|deontic:obligation,2,,,,,,
IL-MENTO_0158,IL-MENTOR-2023-to-2026-CBA,18,"Should it be determined that an employee, other than a probationary employee, was disciplined or discharged without just cause, the employee may be restored to the employee’s former status if appropriate; provided, however, that the Employer shall have the right to credit against any back pay rewarded, any earnings, or remuneration received by the employee during the period involved, including unemployment compensation payments.",HARD,deontic:obligation|deontic:preference|deontic:permission,2,,,,,,
IL-MENTO_0160,IL-MENTOR-2023-to-2026-CBA,18,"Any order of reinstatement by an arbitrator shall be contingent on the employee’s successful completion of all required background checks, training or other pre-hire requirements required by law or regulation.",HARD,deontic:obligation,2,,,,,,
IL-MENTO_0177,IL-MENTOR-2023-to-2026-CBA,20,"Eligibility for and use of this leave shall follow the Employer’s policy applicable to hourly, non-bargaining unit employees in the same classification.",HARD,deontic:obligation,2,,,,,,
IL-MENTO_0161,IL-MENTOR-2023-to-2026-CBA,19,these requirements shall not be reinstated and any back pay owed the employee shall cease as of the date that the employee is first found not eligible for reinstatement.,HARD,deontic:prohibition|deontic:obligation,2,,,,,,
IL-MENTO_0163,IL-MENTOR-2023-to-2026-CBA,19,"Effective the first full pay period following ratification, the minimum starting wage rate for all DSPs shall be $16.05 per hour.",HARD,deontic:obligation,2,,,,,,
IL-MENTO_0164,IL-MENTOR-2023-to-2026-CBA,19,"The wage rates for all covered employees with seniority dates on or after January 1, 2018 shall increase by $.80 per hour effective January 1, 2023.",HARD,deontic:obligation,2,,,,,,
IL-MENTO_0165,IL-MENTOR-2023-to-2026-CBA,19,"The wage rates for all covered employees with seniority dates before January 1, 2018 shall increase by $1.00 per hour effective January 1, 2023.",HARD,deontic:obligation,2,,,,,,
IL-MENTO_0170,IL-MENTOR-2023-to-2026-CBA,20,PTO must be scheduled two or more weeks in advance.,HARD,deontic:obligation,2,,,,,,
IL-MENTO_0171,IL-MENTOR-2023-to-2026-CBA,20,"PTO must be requested through the Employer’s human resource information system (currently Dayforce), as well as by notifying the Program Supervisor.",HARD,deontic:obligation,2,,,,,,
IL-MENTO_0173,IL-MENTOR-2023-to-2026-CBA,20,The Employer shall recognize the following days as paid holidays: • Thanksgiving Day • Christmas Eve • Christmas Day • New Year’s Day • Martin Luther King’s Birthday • Memorial Day • Independence Day • Labor Day Section 2.,HARD,deontic:obligation,2,,,,,,
IL-MENTO_0176,IL-MENTOR-2023-to-2026-CBA,20,Personal Leave: An unpaid leave of absence not to exceed thirty (30) calendar days in a twelve (12) month period may be granted to employees for personal reasons other than an employee’s own health condition or the health condition of an employee’s spouse or child.,SOFT,deontic:permission,2,,,,,,
IL-MENTO_0110,IL-MENTOR-2023-to-2026-CBA,14,"In assigning schedules by order of seniority, employees whose primary assignment is in the home shall be given preference over other employees who are not primarily assigned to the home. d.",HARD,deontic:obligation,2,,,,,,
IL-MENTO_0103,IL-MENTOR-2023-to-2026-CBA,14,"If the Employer decides to adopt a new set of work schedules for one or more facilities, it shall follow the following procedures for staff to pick their individual schedule by seniority.",HARD,deontic:obligation,2,,,,,,
IL-MENTO_0108,IL-MENTOR-2023-to-2026-CBA,14,"The employee with the next most seniority shall receive his/her highest ranked schedule(s) from the remaining schedules, and so on until all schedules are filled.",HARD,deontic:obligation,2,,,,,,
IL-MENTO_0033,IL-MENTOR-2023-to-2026-CBA,7,"In consideration of the Employer’s commitment as set forth in Section 3 of this Article, the Union, its officers, agents, representatives, stewards, committee members, and all other employees shall not, in any way, directly or indirectly, instigate, lead, engage in, authorize, cause, assist, encourage, participate in, ratify or condone any strike, sympathy strike, slowdown, work stoppage, picketing, or any interference with or interruption of work at any of the Employer’s operations.",HARD,deontic:prohibition|deontic:obligation,2,,,,,,
IL-MENTO_0035,IL-MENTOR-2023-to-2026-CBA,8,"In any arbitration proceeding contesting discipline imposed on an employee under Section 1 of this Article, the arbitrator’s jurisdiction shall be limited to determining whether any conduct prohibited in Section 1 occurred and whether the employee(s) whose discipline is the subject of arbitration in any manner engaged in conduct prohibited by Section 1.",HARD,deontic:obligation,2,,,,,,
IL-MENTO_0036,IL-MENTOR-2023-to-2026-CBA,8,"If the arbitrator finds that the employee(s) in any manner engaged in conduct prohibited by Section 1, the arbitrator shall deny the grievance(s) giving rise to the arbitration and shall have no authority to modify or alter the discipline imposed by the Employer.",HARD,deontic:obligation,2,,,,,,
IL-MENTO_0037,IL-MENTOR-2023-to-2026-CBA,8,"In consideration of the Union’s commitment as set forth in Section 1 of this Article, the Employer shall not lock out employees.",HARD,deontic:prohibition|deontic:obligation,2,,,,,,
IL-MENTO_0039,IL-MENTOR-2023-to-2026-CBA,8,"In addition to any other remedy set forth in this Article, the Employer, or the Union, without submitting the issue of damages to arbitration, may institute, in any court of competent jurisdiction located within the state of Illinois, an action against the other party for damages suffered as a result of conduct by the other party which constitutes a violation of this Article.",SOFT,deontic:permission,2,,,,,,
IL-MENTO_0040,IL-MENTOR-2023-to-2026-CBA,8,"The remedies set forth in this Article are not exclusive, and the Employer or the Union may pursue whatever other remedies are available at law or equity.",SOFT,deontic:permission,2,,,,,,
IL-MENTO_0041,IL-MENTOR-2023-to-2026-CBA,8,"Upon notice from the Employer of any employee’s violation of Section 1, the Union, as soon as reasonably possible but in no event more than one day, shall: publicly disavow such action, go to the site of the work stoppage or other action to advise participants that the work stoppage or other action is unauthorized, in violation of the current labor agreements and direct that the participants return to work, and advise the Employer in writing that such action by employees has not been called or sanctioned by the Union.",HARD,deontic:obligation,2,,,,,,
IL-MENTO_0042,IL-MENTOR-2023-to-2026-CBA,8,"If the Union takes the actions specified in this Section, and no officers or agents of the Union take any actions or make any statements to the contrary, the Union shall not be liable for actions taken by employees of the Employer alleged to be in violation of this Article.",HARD,deontic:prohibition|deontic:obligation,2,,,,,,
IL-MENTO_0043,IL-MENTOR-2023-to-2026-CBA,9,"Notice of recall may be sent by e-mail, certified mail, hand delivery, or overnight courier to the most recent address on file with the Employer.",SOFT,deontic:permission,2,,,,,,
IL-MENTO_0044,IL-MENTOR-2023-to-2026-CBA,9,The method of delivery of Notice of recall shall be at the Employer’s sole discretion.,HARD,deontic:obligation,2,,,,,,
IL-MENTO_0049,IL-MENTOR-2023-to-2026-CBA,9,"The Employer may waive or shorten the probationary period on a case-by-case basis, at its sole discretion.",SOFT,deontic:permission,2,,,,,,
IL-MENTO_0050,IL-MENTOR-2023-to-2026-CBA,9,"(a) When the Employer determines a layoff is necessary, the Employer shall notify the Union no less than fourteen (14) days prior to the effective date when practicable and shall inform the Union of the expected location(s) and number of employees to be affected.",HARD,deontic:obligation,2,,,,,,
IL-MENTO_0051,IL-MENTOR-2023-to-2026-CBA,9,"Upon request, the Employer shall meet with the Union within seven",HARD,deontic:obligation,2,,,,,,
IL-MENTO_0052,IL-MENTOR-2023-to-2026-CBA,9,The following procedure shall be used for any layoff: 6,HARD,deontic:obligation,2,,,,,,
IL-MENTO_0107,IL-MENTOR-2023-to-2026-CBA,14,The employee with the most seniority shall receive his/her top-ranked schedule (or part-time schedules if combined).,HARD,deontic:obligation,2,,,,,,
IL-MENTO_0054,IL-MENTOR-2023-to-2026-CBA,10,"(ii) The Employer shall follow the layoff order below: 1) Probationary employees at the location where the reduction will occur will be laid off first. 2) Non-probationary, part-time employees at the location in which the reduction will occur will be laid off in order of their seniority, the least senior laid off first. 3) Non-probationary full-time employees at the location in which the reduction shall occur shall be laid off next in order of their seniority, the least senior laid off first.",HARD,deontic:obligation,2,,,,,,
IL-MENTO_0055,IL-MENTOR-2023-to-2026-CBA,10,Employee(s) shall be recalled in the reverse order of their lay-off.,HARD,deontic:obligation,2,,,,,,
IL-MENTO_0056,IL-MENTOR-2023-to-2026-CBA,10,Any employee(s) who is recalled under this process shall return at the applicable rate of pay at the time of recall.,HARD,deontic:obligation,2,,,,,,
IL-MENTO_0034,IL-MENTOR-2023-to-2026-CBA,7,"The failure or refusal on the part of any employee to comply with the provisions of this Agreement shall be cause for immediate discipline, including discharge, at the sole discretion of the Employer. 4",HARD,deontic:obligation,2,,,,,,
IL-MENTO_0026,IL-MENTOR-2023-to-2026-CBA,7,"If the dispute is not adjusted during the grievance procedure, it may be addressed by the Labor Management Committee.",SOFT,deontic:permission,2,,,,,,
IL-MENTO_0058,IL-MENTOR-2023-to-2026-CBA,10,"The Employer shall provide to the Union with a seniority list within thirty (30) days of the effective date of this Agreement which includes the name, date of hire, address, telephone number (where available), and employee status (full-time, parttime).",HARD,deontic:obligation,2,,,,,,
IL-MENTO_0025,IL-MENTOR-2023-to-2026-CBA,7,"Alleged violations of Section 2 of this Article may be addressed through the grievance procedure, but not arbitration.",SOFT,deontic:permission,2,,,,,,
IL-MENTO_0004,IL-MENTOR-2023-to-2026-CBA,4,"Article 3 - Union Security Section 1 Effective upon ratification, it shall be a continuing condition of employment with the Employer that all employees covered by this Agreement shall be and remain members in good standing in the Union or pay a representation fee to the Union to the extent permitted by law.",HARD,deontic:obligation,2,,,,,,
IL-MENTO_0005,IL-MENTOR-2023-to-2026-CBA,4,"For the purposes of this Article, an employee shall be considered a member of the Union in good standing if he tenders her or his periodic dues uniformly required as a condition of membership.",HARD,deontic:obligation,2,,,,,,
IL-MENTO_0006,IL-MENTOR-2023-to-2026-CBA,4,"Section 2 New employees, after completing their first thirty (30) calendar days of employment, shall become and remain members in good standing with the Union or pay a representative fee to the Union to the extent permitted by law.",HARD,deontic:obligation,2,,,,,,
IL-MENTO_0007,IL-MENTOR-2023-to-2026-CBA,4,"Section 3 Starting not earlier, than the first pay period of the first full month of employment, after completing their first thirty (30) calendar days, and upon receipt of a voluntary authorization from an employee, the Employer shall deduct each month from the wage dues or representation fees as fixed by the Union.",HARD,deontic:obligation,2,,,,,,
IL-MENTO_0008,IL-MENTOR-2023-to-2026-CBA,4,The amount to be deducted must be the same amount of the same percentage for each bargaining unit employee.,HARD,deontic:obligation,2,,,,,,
IL-MENTO_0009,IL-MENTOR-2023-to-2026-CBA,4,The Union shall submit to the Employer a copy of the completed authorization form prior to the deduction of regular monthly dues.,HARD,deontic:obligation,2,,,,,,
IL-MENTO_0010,IL-MENTOR-2023-to-2026-CBA,4,"The authorization required by this Section may be executed electronically, including audio files.",SOFT,deontic:permission,2,,,,,,
IL-MENTO_0011,IL-MENTOR-2023-to-2026-CBA,4,"Section 4 The Employer shall not be obligated to make deductions of any kind from any employee, who, during the pay period in which the dues are deducted from the employee, shall have failed to receive sufficient wages to equal the deductions. 1",HARD,deontic:prohibition|deontic:obligation,2,,,,,,
IL-MENTO_0013,IL-MENTOR-2023-to-2026-CBA,5,"Section 6 The Employer shall remit to the Union via electronic transmission method determined by the Employer to an electronic location identified by the Union in writing, all deductions for union dues or representation fees made from the wages of employees for the preceding month, along with a list of the employees from whom the deductions were made and the amount of the deduction.",HARD,deontic:obligation,2,,,,,,
IL-MENTO_0014,IL-MENTOR-2023-to-2026-CBA,5,"Once the funds are remitted to the Union, their disposition thereafter shall be the sole and exclusive obligation and responsibility of the Union.",HARD,deontic:obligation,2,,,,,,
IL-MENTO_0016,IL-MENTOR-2023-to-2026-CBA,6,This enumeration of management’s rights shall not be deemed to exclude other management rights not specifically enumerated.,HARD,deontic:prohibition|deontic:obligation,2,,,,,,
IL-MENTO_0017,IL-MENTOR-2023-to-2026-CBA,6,"The Employer’s failure to exercise any right, prerogative or function hereby reserved to it, or the Employer’s exercise of any such right, prerogative or function in a particular way, shall not be considered a waiver of the Employer’s right to exercise such right, prerogative or function or preclude it from exercising the same in some other way not in conflict with the express provisions of this Agreement.",HARD,deontic:prohibition|deontic:obligation,2,,,,,,
IL-MENTO_0018,IL-MENTOR-2023-to-2026-CBA,6,"No rules, customs, past practices or agreements, other than those expressly contained herein, shall limit or restrict the Employer’s right to determine the staffing requirements for work to be performed within the scope of this Agreement or the exercise of any other management right.",HARD,deontic:obligation,2,,,,,,
IL-MENTO_0019,IL-MENTOR-2023-to-2026-CBA,6,"No rules, customs, past practices, or agreements which limit or restrict productivity, efficiency, the individual and/or joint working efforts of employees, the amount of work which an employee may perform or, in any other way, the Employer’s right to manage its business shall be permitted.",HARD,deontic:obligation|deontic:permission,2,,,,,,
IL-MENTO_0020,IL-MENTOR-2023-to-2026-CBA,6,"In recognition of the Employer’s need for operational flexibility, supervisors, per diem employees, temporary employees, other non-bargaining unit personnel and/or outside contractors also may perform work normally performed by employees covered by this Agreement.",SOFT,deontic:permission,2,,,,,,
IL-MENTO_0022,IL-MENTOR-2023-to-2026-CBA,6,"The Employer and the Union, each having had full opportunity to discuss and bargain over the inclusion of every management right specified in this Article, agree that in any arbitration, administrative or court proceeding, the arbitrator, administrative body or judge shall give full effect and recognition to each of the management rights agreed upon herein.",HARD,deontic:obligation,2,,,,,,
IL-MENTO_0023,IL-MENTOR-2023-to-2026-CBA,6,"Neither the Employer nor the Union shall discriminate against any employee covered by this Agreement on account of race, color, religion, national origin, age, sex, disability, sexual orientation, gender identification, the proper exercise of their rights guaranteed by the National Labor Relations Act, as amended, or any other basis protected by applicable federal, state, or local law. 3",HARD,deontic:obligation,2,,,,,,
IL-MENTO_0057,IL-MENTOR-2023-to-2026-CBA,10,(c) An employee laid off pursuant to this procedure shall be eligible to bid on temporary work pursuant to Section 8 in “Hours of Work” Article and for permanent work pursuant to “Transfers and Vacancies” Article so long as they retain seniority pursuant to Section 2(e) of this Article.,HARD,deontic:obligation,2,,,,,,
IL-MENTO_0053,IL-MENTOR-2023-to-2026-CBA,10,(i) The Employer shall notify all affected employees of the impending layoff at least seven,HARD,deontic:obligation,2,,,,,,
IL-MENTO_0060,IL-MENTOR-2023-to-2026-CBA,10,"For purposes of representation and mutual administration of the contract, the Union may designate stewards from among its members employed by the Employer.",SOFT,deontic:permission,2,,,,,,
IL-MENTO_0082,IL-MENTOR-2023-to-2026-CBA,12,Overtime at the rate of time and one-half the employee’s straight time hourly rate shall be paid for all hours actually worked over forty (40) hours in any work week.,HARD,deontic:obligation,2,,,,,,
IL-MENTO_0063,IL-MENTOR-2023-to-2026-CBA,11,No employee may engage in solicitation of any kind while either the employee who is soliciting is on working time or the employee(s) who is being solicited is on working time.,HARD,deontic:prohibition|deontic:permission,2,,,,,,
IL-MENTO_0084,IL-MENTOR-2023-to-2026-CBA,12,There shall be no pyramiding of overtime or other premium pay (this “no pyramiding” rule means no employee will be paid more than one and a half times his/her base hourly rate of pay for any hours worked).,HARD,deontic:obligation|deontic:prohibition,2,,,,,,
IL-MENTO_0085,IL-MENTOR-2023-to-2026-CBA,12,Any employee who is unable to report to work due to illness or any other reason must inform his/her direct supervisor or other designated individual as specified by the Employer by telephone at least eight,HARD,deontic:obligation,2,,,,,,
IL-MENTO_0087,IL-MENTOR-2023-to-2026-CBA,12,"In such emergency situations, employees must give as prompt notice as practical.",HARD,deontic:obligation,2,,,,,,
IL-MENTO_0088,IL-MENTOR-2023-to-2026-CBA,12,Failure to call in as required may result in disciplinary action.,SOFT,deontic:permission,2,,,,,,
IL-MENTO_0090,IL-MENTOR-2023-to-2026-CBA,13,Employees shall be relieved of duty at the end of their scheduled shift when their replacement arrives or when given permission by their Program Supervisor or Program Director.,HARD,deontic:obligation,2,,,,,,
IL-MENTO_0091,IL-MENTOR-2023-to-2026-CBA,13,The employee on duty shall immediately advise his/her Program Supervisor (or Program Director if the Program Supervisor is unavailable) if the relief staff has not arrived as scheduled.,HARD,deontic:obligation,2,,,,,,
IL-MENTO_0092,IL-MENTOR-2023-to-2026-CBA,13,"An employee who reports prior to their assigned starting time and departs after their assigned quitting time to allow time for reasons of personal convenience shall not be entitled to compensation for the early arrival or late departure, but such employee shall not be required to start work before their assigned starting time or to work after their assigned quitting time merely by reason of being on the premises.",HARD,deontic:prohibition|deontic:obligation,2,,,,,,
IL-MENTO_0094,IL-MENTOR-2023-to-2026-CBA,13,Employees on the premises for reasons of personal convenience shall not cause a disruption in the workplace.,HARD,deontic:prohibition|deontic:obligation,2,,,,,,
IL-MENTO_0096,IL-MENTOR-2023-to-2026-CBA,13,Increased overtime for either employee as well as the particular needs of the Individual being served may be reasons for denying the request.,SOFT,deontic:permission,2,,,,,,
IL-MENTO_0098,IL-MENTOR-2023-to-2026-CBA,13,Employees may be assigned to work at multiple locations or transferred between locations based on the Employer’s staffing needs and the needs of individuals being served.,SOFT,deontic:permission,2,,,,,,
IL-MENTO_0100,IL-MENTOR-2023-to-2026-CBA,13,Management may make open shifts available to employees at other homes if there are no volunteers from the location with the available shift on a first come-first served basis.,SOFT,deontic:permission,2,,,,,,
IL-MENTO_0101,IL-MENTOR-2023-to-2026-CBA,13,"When a schedule is vacated on a permanent basis (e.g., quit or retirement), the Employer shall offer that schedule to the remaining employees assigned to the home as their primary location by seniority and then to 10",HARD,deontic:obligation,2,,,,,,
IL-MENTO_0102,IL-MENTOR-2023-to-2026-CBA,14,The Employer may fill any schedules that remain open thereafter in accordance with existing procedures or as otherwise provided by this Agreement.,SOFT,deontic:permission,2,,,,,,
IL-MENTO_0002,IL-MENTOR-2023-to-2026-CBA,4,Any other employee of the Employer shall not be part of the bargaining unit and shall not be covered by this Agreement.,HARD,deontic:prohibition|deontic:obligation,2,,,,,,
IL-MENTO_0104,IL-MENTOR-2023-to-2026-CBA,14,"This procedure shall not apply if the only change being made is to the times of the schedules (for example, changing the day shift from 7 a.m. – 3 p.m. to 8 a.m. to 4 p.m.). a.",HARD,deontic:prohibition|deontic:obligation,2,,,,,,
IL-MENTO_0106,IL-MENTOR-2023-to-2026-CBA,14,"Employees may not combine part-time schedules that, combined, would give them more than forty (40) hours in the week. c.",SOFT,deontic:restriction|deontic:permission,2,,,,,,
IL-MENTO_0083,IL-MENTOR-2023-to-2026-CBA,12,"Leave time, whether paid or unpaid, shall not be counted as time worked for purposes of calculating overtime.",HARD,deontic:prohibition|deontic:obligation,2,,,,,,
IL-MENTO_0204,IL-MENTOR-2023-to-2026-CBA,23,This requirement shall survive the expiration of this Agreement and any renewal or extension thereof. 20,HARD,deontic:obligation,2,,,,,,
IL-MENTO_0076,IL-MENTOR-2023-to-2026-CBA,12,Any employee interested in being considered for the position may submit an application for the position in accordance with the Employer’s application process.,SOFT,deontic:permission,2,,,,,,
IL-MENTO_0068,IL-MENTOR-2023-to-2026-CBA,11,Such leave of absence shall be without pay.,HARD,deontic:obligation,2,,,,,,
IL-MENTO_0071,IL-MENTOR-2023-to-2026-CBA,11,(b) A leave of absence without pay shall also be granted to an employee for no more than ninety (90) days to conduct Union business provided fifteen (15) days written notice is given.,HARD,deontic:obligation,2,,,,,,
IL-MENTO_0077,IL-MENTOR-2023-to-2026-CBA,12,"Employees who express interest in the position shall be considered in light of their skill, experience, qualifications, and work record.",HARD,deontic:obligation,2,,,,,,
IL-MENTO_0078,IL-MENTOR-2023-to-2026-CBA,12,"All factors being relatively equal, the position shall be awarded to the most senior employee.",HARD,deontic:obligation,2,,,,,,
IL-MENTO_0070,IL-MENTOR-2023-to-2026-CBA,11,"The Employer will not guarantee the employee their same work location or same hours, but shall make a good faith effort to schedule the employee with a comparable assignment and schedule.",HARD,deontic:obligation,2,,,,,,
IL-MENTO_0079,IL-MENTOR-2023-to-2026-CBA,12,Employees who voluntarily transfer to another position in the bargaining unit may return to their former position within twenty (20) work days if the position is still available.,SOFT,deontic:permission,2,,,,,,
IL-MENTO_0069,IL-MENTOR-2023-to-2026-CBA,11,Seniority shall continue to accrue at the same rate of their accrual immediately preceding the leave.,HARD,deontic:obligation,2,,,,,,
IL-MENTO_0067,IL-MENTOR-2023-to-2026-CBA,11,"Thirty (30) days written notice must be given to the Employer before the employee takes leave to accept such office or position, or before such employee returns to work.",HARD,deontic:obligation,2,,,,,,
IL-MENTO_0066,IL-MENTOR-2023-to-2026-CBA,11,"However, the leave may exceed two",SOFT,deontic:permission,2,,,,,,
IL-MENTO_0080,IL-MENTOR-2023-to-2026-CBA,12,No provision in this Agreement shall be construed as a guarantee of any minimum hours of work or as a limitation of the number of hours of work that the Employer may require.,HARD,deontic:obligation|deontic:permission,2,,,,,,
IL-MENTO_0065,IL-MENTOR-2023-to-2026-CBA,11,(a) Any employee elected or appointed to an office or position in the Union shall be granted a leave of absence for a period of continuous service with the Union not to exceed two,HARD,deontic:obligation,2,,,,,,
IL-MENTO_0081,IL-MENTOR-2023-to-2026-CBA,12,Employees shall be paid their hourly rate only for hours actually worked.,HARD,deontic:obligation,2,,,,,,
IL-MENTO_0064,IL-MENTOR-2023-to-2026-CBA,11,No employee may distribute literature during working time or in working areas.,HARD,deontic:prohibition|deontic:permission,2,,,,,,
IL-MENTO_0072,IL-MENTOR-2023-to-2026-CBA,11,"If more than one leave of this kind is taken per year by the same employee, the second or additional leave request shall be at the sole discretion of the Employer.",HARD,deontic:obligation,2,,,,,,
IL-MENTO_0015,IL-MENTOR-2023-to-2026-CBA,5,"Except as expressly modified or restricted by a specific provision of this Agreement, all statutory and inherent managerial rights, prerogatives and functions are retained and vested exclusively in the Employer, including, but not limited to the rights: to reprimand, suspend, discharge, or otherwise discipline employees for cause; to determine the number of employees to be employed; to utilize part-time, per diem, and temporary employees to perform bargaining unit work; to hire employees, determine their qualifications and assign and direct their work; to assign bargaining unit employees to non-bargaining unit positions; to promote, demote, transfer and layoff employees; to set the standards of productivity and the services to be rendered; to determine an employee’s ability to perform assigned work in a satisfactory manner without the benefit of training; to evaluate and set performance standards and expectations; to determine the form of compensation for employees; to maintain the efficiency of operations; to determine the personnel, methods, procedures, means and facilities by which operations are conducted; to set the starting and quitting time, the number of hours and shifts to be worked and the work week; to require, schedule and assign overtime work; to establish and change work schedules and assignments; to use independent contractors to perform work or services or to subcontract regardless of whether the work or service is bargaining unit work or this results in the reduction of bargaining unit positions; to close down, relocate, or sell the Employer’s operations or any part thereof; to expand, reduce, alter, combine, transfer, assign or cease any job, department, operation or service; to require employees to submit to drug and/or alcohol tests and/or criminal background checks and/or driving record checks as requested by the Employer and as required by licensing and regulatory agencies including, but not limited to, the Illinois Department of Human Services; to establish new job classifications and to determine job content; to determine qualifications for a job classification or position; to control and regulate the use of machinery, technology, facilities, equipment and other property of the Employer; to introduce new or improved service, testing and maintenance methods, materials, 2",UNCLEAR,exception,1,,,,,,
IL-MENTO_0097,IL-MENTOR-2023-to-2026-CBA,13,"If a trade is approved, the employee who agreed to work the shift is subject to the absentee policy for that shift.",UNCLEAR,exception,1,,,,,,
IL-MENTO_0195,IL-MENTOR-2023-to-2026-CBA,22,"When employees use personal vehicles, they are solely responsible for all vehicle-related expenses, including but not limited to maintenance, damage to vehicles, insurance, parking fines, and fines/tickets for moving violations, except as otherwise required by law.",UNCLEAR,exception,1,,,,,,
IL-MENTO_0172,IL-MENTOR-2023-to-2026-CBA,20,"Except as provided herein, the accrual and use of PTO will be subject to the Employer’s rules applicable to non-represented DSPs of the Employer or its affiliated entities.",UNCLEAR,exception,1,,,,,,
IL-MENTO_0073,IL-MENTOR-2023-to-2026-CBA,11,"Article 11 - Policies and Procedures Bargaining unit employees are subject to the Employer’s policies and procedures, as modified by the Employer from time to time in its sole discretion, including, but not limited to, the Drug and Alcohol Policy, any and all COVID-19 or other health and safety related policies, and the mandatory arbitration policy.",UNCLEAR,exception,1,,,,,,
IL-MENTO_0074,IL-MENTOR-2023-to-2026-CBA,11,"Bargaining unit employees are also subject to all other federal, state, and local regulatory requirements.",UNCLEAR,exception,1,,,,,,
IL-MENTO_0174,IL-MENTOR-2023-to-2026-CBA,20,"In addition, employees, except Relief/PRN, who work on a holiday will be paid holiday pay at their base, straight time rate of pay for all hours actually worked on the holiday.",UNCLEAR,exception,1,,,,,,
IL-MENTO_0089,IL-MENTOR-2023-to-2026-CBA,12,"In accordance with the Employer’s policies, it reserves the right to require an employee to submit a physician’s certificate and release in the event of repeated absences for medical reasons or in the event of unscheduled medical absences exceeding three",UNCLEAR,exception,1,,,,,,
IL-MENTO_0086,IL-MENTOR-2023-to-2026-CBA,12,"(8) hours prior to the beginning of the work shift for which he/she is scheduled to report, except in emergency situations which by their nature do not allow for timely notification.",UNCLEAR,exception,1,,,,,,
IL-MENTO_0024,IL-MENTOR-2023-to-2026-CBA,7,"The provisions of Section 1 of this Article are subject to the Grievance and Arbitration provisions of this Agreement or to procedures under applicable law, but not both.",UNCLEAR,exception,1,,,,,,
IL-MENTO_0169,IL-MENTOR-2023-to-2026-CBA,20,5 + Years 120 Hours Section 2.,UNCLEAR,threshold,1,,,,,,
IL-MENTO_0027,IL-MENTOR-2023-to-2026-CBA,7,Article 6 - Employee Classification Full-time – Employees who are regularly scheduled to work at least 30 hours per week on average.,UNCLEAR,threshold,1,,,,,,
IL-MENTO_0028,IL-MENTOR-2023-to-2026-CBA,7,Part-time – Employees who are regularly scheduled to work an average of fewer than 30 hours per week.,UNCLEAR,threshold,1,,,,,,
IL-MENTO_0029,IL-MENTOR-2023-to-2026-CBA,7,The actual hours worked of part-time employees will be reviewed within thirty (30) days of the effective date of this Agreement and no less than annually thereafter and the employee will be given the opportunity to be moved to full-time if they have averaged more than 30 hours per week over the preceding twelve (12) months.,UNCLEAR,threshold,1,,,,,,
IL-MENTO_0031,IL-MENTOR-2023-to-2026-CBA,7,The actual hours worked of relief/PRN employees will be reviewed within thirty (30) days of the effective date of this Agreement and no less than annually thereafter and the employee will be given the opportunity to be moved to full-time if they have averaged more than 30 hours per week over the preceding twelve (12) months.,UNCLEAR,threshold,1,,,,,,
IL-MENTO_0175,IL-MENTOR-2023-to-2026-CBA,20,"If the Employer adds paid holiday(s) or changes the paid holiday(s) for non-represented DSPs of the Employer or its affiliated entities, except where holiday(s) are added for only certain DSPs where required by applicable law, employees will be eligible for such additional paid holiday(s) or modified holiday(s).",UNCLEAR,exception,1,,,,,,
IL-MENTO_0030,IL-MENTOR-2023-to-2026-CBA,7,"Any relief/PRN employee will be automatically terminated if no hours are worked for thirty (30) days, and such termination will not be subject to the grievance and arbitration procedure.",UNCLEAR,exception,1,,,,,,
